03-04-2020,Arunachal Pradesh,0,0,1
04-04-2020,Arunachal Pradesh,0,0,1
05-04-2020,Arunachal Pradesh,0,0,1
06-04-2020,Arunachal Pradesh,0,0,1
07-04-2020,Arunachal Pradesh,0,0,1
08-04-2020,Arunachal Pradesh,0,0,1
09-04-2020,Arunachal Pradesh,0,0,1
10-04-2020,Arunachal Pradesh,0,0,1
11-04-2020,Arunachal Pradesh,0,0,1
12-04-2020,Arunachal Pradesh,0,0,1
13-04-2020,Arunachal Pradesh,0,0,1
14-04-2020,Arunachal Pradesh,0,0,1
15-04-2020,Arunachal Pradesh,0,0,1
16-04-2020,Arunachal Pradesh,0,0,1
17-04-2020,Arunachal Pradesh,0,0,1
18-04-2020,Arunachal Pradesh,0,0,1
19-04-2020,Arunachal Pradesh,0,0,1
20-04-2020,Arunachal Pradesh,0,0,1
21-04-2020,Arunachal Pradesh,1,0,1
22-04-2020,Arunachal Pradesh,1,0,1
23-04-2020,Arunachal Pradesh,1,0,1
24-04-2020,Arunachal Pradesh,1,0,1
25-04-2020,Arunachal Pradesh,1,0,1
26-04-2020,Arunachal Pradesh,1,0,1
27-04-2020,Arunachal Pradesh,1,0,1
28-04-2020,Arunachal Pradesh,1,0,1
29-04-2020,Arunachal Pradesh,1,0,1
30-04-2020,Arunachal Pradesh,1,0,1
01-05-2020,Arunachal Pradesh,1,0,1
02-05-2020,Arunachal Pradesh,1,0,1
03-05-2020,Arunachal Pradesh,1,0,1
04-05-2020,Arunachal Pradesh,1,0,1
05-05-2020,Arunachal Pradesh,1,0,1
06-05-2020,Arunachal Pradesh,1,0,1
07-05-2020,Arunachal Pradesh,1,0,1
08-05-2020,Arunachal Pradesh,1,0,1
09-05-2020,Arunachal Pradesh,1,0,1
10-05-2020,Arunachal Pradesh,1,0,1
11-05-2020,Arunachal Pradesh,1,0,1
12-05-2020,Arunachal Pradesh,1,0,1
13-05-2020,Arunachal Pradesh,1,0,1
14-05-2020,Arunachal Pradesh,1,0,1
15-05-2020,Arunachal Pradesh,1,0,1
16-05-2020,Arunachal Pradesh,1,0,1
17-05-2020,Arunachal Pradesh,1,0,1
18-05-2020,Arunachal Pradesh,1,0,1
19-05-2020,Arunachal Pradesh,1,0,1
20-05-2020,Arunachal Pradesh,1,0,1
21-05-2020,Arunachal Pradesh,1,0,1
22-05-2020,Arunachal Pradesh,1,0,1
23-05-2020,Arunachal Pradesh,1,0,1
24-05-2020,Arunachal Pradesh,1,0,1
25-05-2020,Arunachal Pradesh,1,0,1
26-05-2020,Arunachal Pradesh,1,0,2
27-05-2020,Arunachal Pradesh,1,0,2
28-05-2020,Arunachal Pradesh,1,0,2
29-05-2020,Arunachal Pradesh,1,0,3
30-05-2020,Arunachal Pradesh,1,0,3
31-05-2020,Arunachal Pradesh,1,0,4
01-06-2020,Arunachal Pradesh,1,0,4
02-06-2020,Arunachal Pradesh,1,0,22
03-06-2020,Arunachal Pradesh,1,0,22
04-06-2020,Arunachal Pradesh,1,0,38
05-06-2020,Arunachal Pradesh,1,0,42
06-06-2020,Arunachal Pradesh,1,0,45
07-06-2020,Arunachal Pradesh,1,0,47
08-06-2020,Arunachal Pradesh,1,0,51
09-06-2020,Arunachal Pradesh,1,0,51
10-06-2020,Arunachal Pradesh,1,0,57
11-06-2020,Arunachal Pradesh,2,0,57
12-06-2020,Arunachal Pradesh,4,0,61
13-06-2020,Arunachal Pradesh,4,0,67
14-06-2020,Arunachal Pradesh,4,0,87
15-06-2020,Arunachal Pradesh,7,0,91
16-06-2020,Arunachal Pradesh,7,0,91
17-06-2020,Arunachal Pradesh,7,0,95
18-06-2020,Arunachal Pradesh,7,0,99
19-06-2020,Arunachal Pradesh,10,0,103
20-06-2020,Arunachal Pradesh,11,0,103
21-06-2020,Arunachal Pradesh,14,0,135
22-06-2020,Arunachal Pradesh,15,0,135
23-06-2020,Arunachal Pradesh,21,0,139
24-06-2020,Arunachal Pradesh,22,0,148
25-06-2020,Arunachal Pradesh,38,0,158
26-06-2020,Arunachal Pradesh,38,1,160
27-06-2020,Arunachal Pradesh,42,1,172
28-06-2020,Arunachal Pradesh,54,1,177
29-06-2020,Arunachal Pradesh,60,1,182
30-06-2020,Arunachal Pradesh,61,1,187
01-07-2020,Arunachal Pradesh,62,1,191
02-07-2020,Arunachal Pradesh,66,1,195
03-07-2020,Arunachal Pradesh,66,1,195
04-07-2020,Arunachal Pradesh,75,1,252
05-07-2020,Arunachal Pradesh,76,1,259
06-07-2020,Arunachal Pradesh,78,1,269
07-07-2020,Arunachal Pradesh,92,2,270
08-07-2020,Arunachal Pradesh,105,2,276
09-07-2020,Arunachal Pradesh,109,2,287
10-07-2020,Arunachal Pradesh,120,2,302
11-07-2020,Arunachal Pradesh,120,2,335
12-07-2020,Arunachal Pradesh,125,2,341
13-07-2020,Arunachal Pradesh,138,2,359
14-07-2020,Arunachal Pradesh,145,2,387
15-07-2020,Arunachal Pradesh,153,3,462
16-07-2020,Arunachal Pradesh,153,3,462
17-07-2020,Arunachal Pradesh,153,3,543
18-07-2020,Arunachal Pradesh,175,3,609
19-07-2020,Arunachal Pradesh,274,3,650
20-07-2020,Arunachal Pradesh,282,3,740
21-07-2020,Arunachal Pradesh,285,3,790
22-07-2020,Arunachal Pradesh,303,3,858
23-07-2020,Arunachal Pradesh,314,3,949
24-07-2020,Arunachal Pradesh,334,3,991
25-07-2020,Arunachal Pradesh,392,3,1056
26-07-2020,Arunachal Pradesh,428,3,1126
27-07-2020,Arunachal Pradesh,505,3,1158
28-07-2020,Arunachal Pradesh,574,3,1239
29-07-2020,Arunachal Pradesh,617,3,1330
30-07-2020,Arunachal Pradesh,677,3,1410
31-07-2020,Arunachal Pradesh,827,3,1484
01-08-2020,Arunachal Pradesh,918,3,1591
02-08-2020,Arunachal Pradesh,969,3,1673
03-08-2020,Arunachal Pradesh,996,3,1698
04-08-2020,Arunachal Pradesh,1063,3,1758
05-08-2020,Arunachal Pradesh,1105,3,1790
06-08-2020,Arunachal Pradesh,1210,3,1855
07-08-2020,Arunachal Pradesh,1245,3,1948
08-08-2020,Arunachal Pradesh,1326,3,2049
09-08-2020,Arunachal Pradesh,1430,3,2117
10-08-2020,Arunachal Pradesh,1482,3,2155
11-08-2020,Arunachal Pradesh,1592,3,2231
12-08-2020,Arunachal Pradesh,1634,3,2327
13-08-2020,Arunachal Pradesh,1659,3,2430
14-08-2020,Arunachal Pradesh,1718,4,2512
15-08-2020,Arunachal Pradesh,1750,5,2607
16-08-2020,Arunachal Pradesh,1771,5,2658
17-08-2020,Arunachal Pradesh,1808,5,2701
18-08-2020,Arunachal Pradesh,1893,5,2741
19-08-2020,Arunachal Pradesh,1949,5,2875
20-08-2020,Arunachal Pradesh,2022,5,2950
21-08-2020,Arunachal Pradesh,2093,5,3066
22-08-2020,Arunachal Pradesh,2125,5,3126
23-08-2020,Arunachal Pradesh,2228,5,3223
24-08-2020,Arunachal Pradesh,2297,5,3263
25-08-2020,Arunachal Pradesh,2427,5,3312
26-08-2020,Arunachal Pradesh,2508,5,3412
27-08-2020,Arunachal Pradesh,2563,5,3555
28-08-2020,Arunachal Pradesh,2621,5,3633
29-08-2020,Arunachal Pradesh,2709,5,3745
30-08-2020,Arunachal Pradesh,2754,5,3877
31-08-2020,Arunachal Pradesh,2822,7,4034
01-09-2020,Arunachal Pradesh,2885,7,4112
02-09-2020,Arunachal Pradesh,2979,7,4212
03-09-2020,Arunachal Pradesh,3075,7,4360
04-09-2020,Arunachal Pradesh,3167,7,4574
05-09-2020,Arunachal Pradesh,3280,7,4775
06-09-2020,Arunachal Pradesh,3381,8,4914
07-09-2020,Arunachal Pradesh,3472,8,5000
08-09-2020,Arunachal Pradesh,3596,8,5180
09-09-2020,Arunachal Pradesh,3723,9,5402
10-09-2020,Arunachal Pradesh,3906,9,5545
11-09-2020,Arunachal Pradesh,4005,9,5672
12-09-2020,Arunachal Pradesh,4126,10,5825
13-09-2020,Arunachal Pradesh,4253,10,5975
14-09-2020,Arunachal Pradesh,4379,10,6121
15-09-2020,Arunachal Pradesh,4531,11,6298
16-09-2020,Arunachal Pradesh,4658,13,6466
17-09-2020,Arunachal Pradesh,4787,13,6692
18-09-2020,Arunachal Pradesh,4967,13,6851
19-09-2020,Arunachal Pradesh,5106,13,7005
20-09-2020,Arunachal Pradesh,5280,13,7250
21-09-2020,Arunachal Pradesh,5408,13,7385
22-09-2020,Arunachal Pradesh,5643,13,7595
23-09-2020,Arunachal Pradesh,5778,14,7844
24-09-2020,Arunachal Pradesh,5903,14,8133
25-09-2020,Arunachal Pradesh,6071,14,8416
26-09-2020,Arunachal Pradesh,6230,14,8671
27-09-2020,Arunachal Pradesh,6397,14,8869
28-09-2020,Arunachal Pradesh,6495,14,9004
29-09-2020,Arunachal Pradesh,6592,15,9332
30-09-2020,Arunachal Pradesh,6743,16,9553
01-10-2020,Arunachal Pradesh,6890,16,9796
02-10-2020,Arunachal Pradesh,7049,16,10020
03-10-2020,Arunachal Pradesh,7183,18,10220
04-10-2020,Arunachal Pradesh,7388,18,10421
05-10-2020,Arunachal Pradesh,7577,18,10548
06-10-2020,Arunachal Pradesh,7775,19,10783
07-10-2020,Arunachal Pradesh,7965,20,11007
08-10-2020,Arunachal Pradesh,8396,21,11267
09-10-2020,Arunachal Pradesh,8679,22,11479
10-10-2020,Arunachal Pradesh,8877,23,11760
11-10-2020,Arunachal Pradesh,9035,23,11998
12-10-2020,Arunachal Pradesh,9232,24,12147
13-10-2020,Arunachal Pradesh,9403,24,12367
14-10-2020,Arunachal Pradesh,9573,28,12561
15-10-2020,Arunachal Pradesh,9694,29,12768
16-10-2020,Arunachal Pradesh,9889,30,12971
17-10-2020,Arunachal Pradesh,10071,30,13169
18-10-2020,Arunachal Pradesh,10315,30,13348
19-10-2020,Arunachal Pradesh,10552,30,13406
20-10-2020,Arunachal Pradesh,10780,30,13643
21-10-2020,Arunachal Pradesh,11035,31,13778
22-10-2020,Arunachal Pradesh,11199,31,13912
23-10-2020,Arunachal Pradesh,11407,32,14077
24-10-2020,Arunachal Pradesh,11613,33,14145
25-10-2020,Arunachal Pradesh,11781,33,14211
26-10-2020,Arunachal Pradesh,11951,33,14244
27-10-2020,Arunachal Pradesh,12182,35,14391
28-10-2020,Arunachal Pradesh,12297,36,14472
29-10-2020,Arunachal Pradesh,12480,36,14580
30-10-2020,Arunachal Pradesh,12623,37,14668
31-10-2020,Arunachal Pradesh,12777,37,14752
01-11-2020,Arunachal Pradesh,12959,37,14852
02-11-2020,Arunachal Pradesh,13073,37,14881
03-11-2020,Arunachal Pradesh,13238,38,14998
04-11-2020,Arunachal Pradesh,13367,42,15083
05-11-2020,Arunachal Pradesh,13472,43,15160
06-11-2020,Arunachal Pradesh,13580,43,15244
07-11-2020,Arunachal Pradesh,13679,43,15325
08-11-2020,Arunachal Pradesh,13785,45,15389
09-11-2020,Arunachal Pradesh,13881,46,15436
10-11-2020,Arunachal Pradesh,13966,46,15484
11-11-2020,Arunachal Pradesh,14051,46,15581
12-11-2020,Arunachal Pradesh,14126,46,15657
13-11-2020,Arunachal Pradesh,14214,47,15701
14-11-2020,Arunachal Pradesh,14319,47,15758
15-11-2020,Arunachal Pradesh,14421,48,15792
16-11-2020,Arunachal Pradesh,14500,48,15812
17-11-2020,Arunachal Pradesh,14588,48,15868
18-11-2020,Arunachal Pradesh,14644,48,15904
19-11-2020,Arunachal Pradesh,14715,48,15945
20-11-2020,Arunachal Pradesh,14800,49,15976
21-11-2020,Arunachal Pradesh,14870,49,16001
22-11-2020,Arunachal Pradesh,14937,49,16037
23-11-2020,Arunachal Pradesh,14972,49,16061
24-11-2020,Arunachal Pradesh,15036,49,16092
25-11-2020,Arunachal Pradesh,15091,49,16144
26-11-2020,Arunachal Pradesh,15157,49,16174
27-11-2020,Arunachal Pradesh,15229,49,16204
28-11-2020,Arunachal Pradesh,15270,50,16231
29-11-2020,Arunachal Pradesh,15323,51,16262
30-11-2020,Arunachal Pradesh,15364,54,16269
01-12-2020,Arunachal Pradesh,15411,54,16282
02-12-2020,Arunachal Pradesh,15456,54,16296
03-12-2020,Arunachal Pradesh,15488,54,16320
04-12-2020,Arunachal Pradesh,15525,54,16348
05-12-2020,Arunachal Pradesh,15561,55,16367
06-12-2020,Arunachal Pradesh,15581,55,16384
07-12-2020,Arunachal Pradesh,15605,55,16395
08-12-2020,Arunachal Pradesh,15653,55,16415
09-12-2020,Arunachal Pradesh,15690,55,16437
10-12-2020,Arunachal Pradesh,15697,55,16461
11-12-2020,Arunachal Pradesh,15739,55,16479
12-12-2020,Arunachal Pradesh,16163,55,16497
13-12-2020,Arunachal Pradesh,16185,55,16509
14-12-2020,Arunachal Pradesh,16206,55,16513
15-12-2020,Arunachal Pradesh,16243,55,16536
16-12-2020,Arunachal Pradesh,16264,55,16553
17-12-2020,Arunachal Pradesh,16278,55,16574
18-12-2020,Arunachal Pradesh,16290,55,16603
19-12-2020,Arunachal Pradesh,16322,55,16611
20-12-2020,Arunachal Pradesh,16333,55,16629
21-12-2020,Arunachal Pradesh,16350,55,16630
22-12-2020,Arunachal Pradesh,16369,56,16652
23-12-2020,Arunachal Pradesh,16379,56,16657
24-12-2020,Arunachal Pradesh,16401,56,16669
25-12-2020,Arunachal Pradesh,16438,56,16678
26-12-2020,Arunachal Pradesh,16454,56,16678
27-12-2020,Arunachal Pradesh,16477,56,16687
28-12-2020,Arunachal Pradesh,16503,56,16689
29-12-2020,Arunachal Pradesh,16521,56,16696
30-12-2020,Arunachal Pradesh,16538,56,16709
31-12-2020,Arunachal Pradesh,16549,56,16711
01-01-2021,Arunachal Pradesh,16564,56,16719
02-01-2021,Arunachal Pradesh,16566,56,16719
03-01-2021,Arunachal Pradesh,16576,56,16727
04-01-2021,Arunachal Pradesh,16583,56,16732
05-01-2021,Arunachal Pradesh,16598,56,16741
06-01-2021,Arunachal Pradesh,16609,56,16744
07-01-2021,Arunachal Pradesh,16609,56,16753
08-01-2021,Arunachal Pradesh,16622,56,16757
09-01-2021,Arunachal Pradesh,16631,56,16764
10-01-2021,Arunachal Pradesh,16647,56,16767
11-01-2021,Arunachal Pradesh,16650,56,16772
12-01-2021,Arunachal Pradesh,16658,56,16777
13-01-2021,Arunachal Pradesh,16665,56,16782
14-01-2021,Arunachal Pradesh,16669,56,16783
15-01-2021,Arunachal Pradesh,16674,56,16798
16-01-2021,Arunachal Pradesh,16682,56,16802
17-01-2021,Arunachal Pradesh,16690,56,16808
18-01-2021,Arunachal Pradesh,16697,56,16811
19-01-2021,Arunachal Pradesh,16699,56,16812
20-01-2021,Arunachal Pradesh,16707,56,16815
21-01-2021,Arunachal Pradesh,16713,56,16815
22-01-2021,Arunachal Pradesh,16722,56,16816
23-01-2021,Arunachal Pradesh,16724,56,16817
24-01-2021,Arunachal Pradesh,16725,56,16818
25-01-2021,Arunachal Pradesh,16745,56,16819
26-01-2021,Arunachal Pradesh,16749,56,16820
27-01-2021,Arunachal Pradesh,16751,56,16821
28-01-2021,Arunachal Pradesh,16753,56,16824
29-01-2021,Arunachal Pradesh,16756,56,16827
30-01-2021,Arunachal Pradesh,16758,56,16827
31-01-2021,Arunachal Pradesh,16758,56,16828
01-02-2021,Arunachal Pradesh,16759,56,16828
02-02-2021,Arunachal Pradesh,16762,56,16828
03-02-2021,Arunachal Pradesh,16762,56,16829
04-02-2021,Arunachal Pradesh,16764,56,16829
05-02-2021,Arunachal Pradesh,16765,56,16829
06-02-2021,Arunachal Pradesh,16765,56,16829
07-02-2021,Arunachal Pradesh,16767,56,16830
08-02-2021,Arunachal Pradesh,16767,56,16830
09-02-2021,Arunachal Pradesh,16770,56,16831
10-02-2021,Arunachal Pradesh,16771,56,16831
11-02-2021,Arunachal Pradesh,16771,56,16831
12-02-2021,Arunachal Pradesh,16771,56,16832
13-02-2021,Arunachal Pradesh,16771,56,16832
14-02-2021,Arunachal Pradesh,16772,56,16832
15-02-2021,Arunachal Pradesh,16773,56,16832
16-02-2021,Arunachal Pradesh,16774,56,16833
17-02-2021,Arunachal Pradesh,16774,56,16833
18-02-2021,Arunachal Pradesh,16774,56,16833
19-02-2021,Arunachal Pradesh,16775,56,16836
20-02-2021,Arunachal Pradesh,16775,56,16836
21-02-2021,Arunachal Pradesh,16775,56,16836
22-02-2021,Arunachal Pradesh,16775,56,16836
23-02-2021,Arunachal Pradesh,16775,56,16836
24-02-2021,Arunachal Pradesh,16776,56,16836
25-02-2021,Arunachal Pradesh,16776,56,16836
26-02-2021,Arunachal Pradesh,16777,56,16836
27-02-2021,Arunachal Pradesh,16777,56,16836
28-02-2021,Arunachal Pradesh,16777,56,16836
01-03-2021,Arunachal Pradesh,16780,56,16836
02-03-2021,Arunachal Pradesh,16780,56,16837
03-03-2021,Arunachal Pradesh,16780,56,16838
04-03-2021,Arunachal Pradesh,16780,56,16838
05-03-2021,Arunachal Pradesh,16780,56,16838
06-03-2021,Arunachal Pradesh,16780,56,16839
07-03-2021,Arunachal Pradesh,16780,56,16839
08-03-2021,Arunachal Pradesh,16780,56,16839
09-03-2021,Arunachal Pradesh,16780,56,16839
10-03-2021,Arunachal Pradesh,16780,56,16839
11-03-2021,Arunachal Pradesh,16780,56,16839
12-03-2021,Arunachal Pradesh,16780,56,16840
13-03-2021,Arunachal Pradesh,16780,56,16840
14-03-2021,Arunachal Pradesh,16781,56,16840
15-03-2021,Arunachal Pradesh,16781,56,16840
16-03-2021,Arunachal Pradesh,16783,56,16840
17-03-2021,Arunachal Pradesh,16783,56,16841
18-03-2021,Arunachal Pradesh,16783,56,16841
19-03-2021,Arunachal Pradesh,16783,56,16842
20-03-2021,Arunachal Pradesh,16783,56,16842
21-03-2021,Arunachal Pradesh,16783,56,16842
22-03-2021,Arunachal Pradesh,16783,56,16842
23-03-2021,Arunachal Pradesh,16784,56,16842
24-03-2021,Arunachal Pradesh,16784,56,16842
25-03-2021,Arunachal Pradesh,16785,56,16842
26-03-2021,Arunachal Pradesh,16785,56,16842
27-03-2021,Arunachal Pradesh,16785,56,16843
28-03-2021,Arunachal Pradesh,16785,56,16845
29-03-2021,Arunachal Pradesh,16785,56,16845
30-03-2021,Arunachal Pradesh,16785,56,16845
31-03-2021,Arunachal Pradesh,16785,56,16845
01-04-2021,Arunachal Pradesh,16785,56,16845
02-04-2021,Arunachal Pradesh,16785,56,16845
03-04-2021,Arunachal Pradesh,16785,56,16846
04-04-2021,Arunachal Pradesh,16785,56,16849
05-04-2021,Arunachal Pradesh,16785,56,16849
06-04-2021,Arunachal Pradesh,16785,56,16851
07-04-2021,Arunachal Pradesh,16786,56,16853
08-04-2021,Arunachal Pradesh,16788,56,16861
09-04-2021,Arunachal Pradesh,16788,56,16873
10-04-2021,Arunachal Pradesh,16789,56,16875
11-04-2021,Arunachal Pradesh,16790,56,16878
12-04-2021,Arunachal Pradesh,16790,56,16882
13-04-2021,Arunachal Pradesh,16791,56,16888
14-04-2021,Arunachal Pradesh,16791,56,16902
15-04-2021,Arunachal Pradesh,16792,56,16912
16-04-2021,Arunachal Pradesh,16798,56,16920
17-04-2021,Arunachal Pradesh,16800,56,16948
18-04-2021,Arunachal Pradesh,16806,56,16967
19-04-2021,Arunachal Pradesh,16809,56,16987
20-04-2021,Arunachal Pradesh,16820,56,17052
21-04-2021,Arunachal Pradesh,16835,56,17113
22-04-2021,Arunachal Pradesh,16851,56,17186
23-04-2021,Arunachal Pradesh,16860,56,17296
24-04-2021,Arunachal Pradesh,16921,56,17430
25-04-2021,Arunachal Pradesh,16940,56,17546
26-04-2021,Arunachal Pradesh,16968,58,17607
27-04-2021,Arunachal Pradesh,16993,58,17775
28-04-2021,Arunachal Pradesh,17021,58,17898
29-04-2021,Arunachal Pradesh,17038,58,18062
30-04-2021,Arunachal Pradesh,17085,59,18256
01-05-2021,Arunachal Pradesh,17134,59,18419
02-05-2021,Arunachal Pradesh,17190,59,18636
03-05-2021,Arunachal Pradesh,17273,59,18738
04-05-2021,Arunachal Pradesh,17363,59,18958
05-05-2021,Arunachal Pradesh,17501,59,19192
06-05-2021,Arunachal Pradesh,17577,59,19412
07-05-2021,Arunachal Pradesh,17717,59,19634
08-05-2021,Arunachal Pradesh,17849,60,19802
09-05-2021,Arunachal Pradesh,17984,60,20046
10-05-2021,Arunachal Pradesh,18172,60,20165
11-05-2021,Arunachal Pradesh,18351,64,20370
12-05-2021,Arunachal Pradesh,18583,68,20575
13-05-2021,Arunachal Pradesh,18691,69,20854
14-05-2021,Arunachal Pradesh,18871,72,21110
15-05-2021,Arunachal Pradesh,19094,77,21373
16-05-2021,Arunachal Pradesh,19293,78,21622
17-05-2021,Arunachal Pradesh,19461,81,21802
18-05-2021,Arunachal Pradesh,19675,85,22106
19-05-2021,Arunachal Pradesh,19977,88,22462
20-05-2021,Arunachal Pradesh,20125,89,22799
21-05-2021,Arunachal Pradesh,20339,89,23159
22-05-2021,Arunachal Pradesh,20545,92,23553
23-05-2021,Arunachal Pradesh,20836,95,23867
24-05-2021,Arunachal Pradesh,21096,98,24093
25-05-2021,Arunachal Pradesh,21344,102,24573
26-05-2021,Arunachal Pradesh,21575,104,25002
27-05-2021,Arunachal Pradesh,21765,107,25376
28-05-2021,Arunachal Pradesh,22019,109,25820
29-05-2021,Arunachal Pradesh,22352,111,26317
30-05-2021,Arunachal Pradesh,22746,114,26778
31-05-2021,Arunachal Pradesh,23052,115,26950
01-06-2021,Arunachal Pradesh,23402,115,27272
02-06-2021,Arunachal Pradesh,23754,116,27642
03-06-2021,Arunachal Pradesh,24083,118,28018
04-06-2021,Arunachal Pradesh,24420,119,28382
05-06-2021,Arunachal Pradesh,24835,122,28786
06-06-2021,Arunachal Pradesh,25237,123,29113
07-06-2021,Arunachal Pradesh,25618,125,29336
08-06-2021,Arunachal Pradesh,26131,125,29696
09-06-2021,Arunachal Pradesh,26569,126,30000
10-06-2021,Arunachal Pradesh,26848,128,30247
11-06-2021,Arunachal Pradesh,27150,133,30492
12-06-2021,Arunachal Pradesh,27438,138,30850
13-06-2021,Arunachal Pradesh,27818,143,31148
14-06-2021,Arunachal Pradesh,28252,145,31282
15-06-2021,Arunachal Pradesh,28608,151,31648
16-06-2021,Arunachal Pradesh,28934,155,31938
17-06-2021,Arunachal Pradesh,29223,155,32188
18-06-2021,Arunachal Pradesh,29612,158,32483
19-06-2021,Arunachal Pradesh,29934,159,32692
20-06-2021,Arunachal Pradesh,30163,159,32923
21-06-2021,Arunachal Pradesh,30407,159,33081
22-06-2021,Arunachal Pradesh,30677,159,33375
23-06-2021,Arunachal Pradesh,30956,160,33664
24-06-2021,Arunachal Pradesh,31189,160,33916
25-06-2021,Arunachal Pradesh,31487,162,34214
26-06-2021,Arunachal Pradesh,31792,165,34480
27-06-2021,Arunachal Pradesh,32054,167,34767
28-06-2021,Arunachal Pradesh,32270,167,34932
29-06-2021,Arunachal Pradesh,32483,167,35227
30-06-2021,Arunachal Pradesh,32716,168,35571
01-07-2021,Arunachal Pradesh,32923,172,35857
02-07-2021,Arunachal Pradesh,33209,176,36168
03-07-2021,Arunachal Pradesh,33432,176,36572
04-07-2021,Arunachal Pradesh,33704,176,36937
05-07-2021,Arunachal Pradesh,33967,177,37105
06-07-2021,Arunachal Pradesh,34234,179,37531
07-07-2021,Arunachal Pradesh,34525,181,37879
08-07-2021,Arunachal Pradesh,34736,184,38283
09-07-2021,Arunachal Pradesh,35037,185,38682
10-07-2021,Arunachal Pradesh,35342,186,39085
11-07-2021,Arunachal Pradesh,35634,188,39563
12-07-2021,Arunachal Pradesh,35910,189,39817
13-07-2021,Arunachal Pradesh,36274,191,40383
14-07-2021,Arunachal Pradesh,36617,193,40814
15-07-2021,Arunachal Pradesh,36903,195,41279
16-07-2021,Arunachal Pradesh,37272,197,41646
17-07-2021,Arunachal Pradesh,37628,199,42089
18-07-2021,Arunachal Pradesh,38040,201,42564
19-07-2021,Arunachal Pradesh,38407,202,42820
20-07-2021,Arunachal Pradesh,38865,203,43328
21-07-2021,Arunachal Pradesh,39269,203,43804
22-07-2021,Arunachal Pradesh,39634,204,44222
23-07-2021,Arunachal Pradesh,40102,208,44708
24-07-2021,Arunachal Pradesh,40619,212,45188
25-07-2021,Arunachal Pradesh,41025,213,45703
26-07-2021,Arunachal Pradesh,41385,216,45867
27-07-2021,Arunachal Pradesh,41820,218,46357
28-07-2021,Arunachal Pradesh,42292,221,46800
29-07-2021,Arunachal Pradesh,42617,224,47142
30-07-2021,Arunachal Pradesh,43000,225,47477
31-07-2021,Arunachal Pradesh,43488,226,47856
01-08-2021,Arunachal Pradesh,43939,229,48122
02-08-2021,Arunachal Pradesh,44354,231,48260
03-08-2021,Arunachal Pradesh,44823,234,48565
04-08-2021,Arunachal Pradesh,45298,234,48884
05-08-2021,Arunachal Pradesh,45630,236,49203
06-08-2021,Arunachal Pradesh,45979,236,49441
07-08-2021,Arunachal Pradesh,46399,237,49668
08-08-2021,Arunachal Pradesh,46803,240,49916
09-08-2021,Arunachal Pradesh,47148,242,50070
10-08-2021,Arunachal Pradesh,47520,246,50372
11-08-2021,Arunachal Pradesh,47821,248,50605
